{
    "track": [
      {
        "name": "Come Together",
        "playcount": "6586578",
        "listeners": "966957",
        "mbid": "485bbe7f-d0f7-4ffe-8adb-0f1093dd2dbf",
        "url": "https://www.last.fm/music/The+Beatles/_/Come+Together",
        "streamable": "0",
        "artist": {
          "name": "The Beatles",
          "mbid": "b10bbbfc-cf9e-42e0-be17-e2c3e1d2600d",
          "url": "https://www.last.fm/music/The+Beatles"
        },
        "image": [
          {
            "#text": "https://lastfm-img2.akamaized.net/i/u/34s/8ff1fcf931d54cb29b54036b910014dd.png",
            "size": "small"
          },
          {
            "#text": "https://lastfm-img2.akamaized.net/i/u/64s/8ff1fcf931d54cb29b54036b910014dd.png",
            "size": "medium"
          },
          {
            "#text": "https://lastfm-img2.akamaized.net/i/u/174s/8ff1fcf931d54cb29b54036b910014dd.png",
            "size": "large"
          },
          {
            "#text": "https://lastfm-img2.akamaized.net/i/u/300x300/8ff1fcf931d54cb29b54036b910014dd.png",
            "size": "extralarge"
          }
        ],
        "@attr": {
          "rank": "1"
        }
      },
      {
        "name": "Let It Be",
        "playcount": "6811000",
        "listeners": "950850",
        "mbid": "864e0931-87a8-4570-bb28-78409e9a83db",
        "url": "https://www.last.fm/music/The+Beatles/_/Let+It+Be",
        "streamable": "0",
        "artist": {
          "name": "The Beatles",
          "mbid": "b10bbbfc-cf9e-42e0-be17-e2c3e1d2600d",
          "url": "https://www.last.fm/music/The+Beatles"
        },
        "image": [
          {
            "#text": "https://lastfm-img2.akamaized.net/i/u/34s/8ff1fcf931d54cb29b54036b910014dd.png",
            "size": "small"
          },
          {
            "#text": "https://lastfm-img2.akamaized.net/i/u/64s/8ff1fcf931d54cb29b54036b910014dd.png",
            "size": "medium"
          },
          {
            "#text": "https://lastfm-img2.akamaized.net/i/u/174s/8ff1fcf931d54cb29b54036b910014dd.png",
            "size": "large"
          },
          {
            "#text": "https://lastfm-img2.akamaized.net/i/u/300x300/8ff1fcf931d54cb29b54036b910014dd.png",
            "size": "extralarge"
          }
        ],
        "@attr": {
          "rank": "2"
        }
      },
      {
        "name": "Yesterday",
        "playcount": "6563373",
        "listeners": "915493",
        "mbid": "2f14c941-e61c-4e6d-8465-48dbbda0cac9",
        "url": "https://www.last.fm/music/The+Beatles/_/Yesterday",
        "streamable": "0",
        "artist": {
          "name": "The Beatles",
          "mbid": "b10bbbfc-cf9e-42e0-be17-e2c3e1d2600d",
          "url": "https://www.last.fm/music/The+Beatles"
        },
        "image": [
          {
            "#text": "https://lastfm-img2.akamaized.net/i/u/34s/8ff1fcf931d54cb29b54036b910014dd.png",
            "size": "small"
          },
          {
            "#text": "https://lastfm-img2.akamaized.net/i/u/64s/8ff1fcf931d54cb29b54036b910014dd.png",
            "size": "medium"
          },
          {
            "#text": "https://lastfm-img2.akamaized.net/i/u/174s/8ff1fcf931d54cb29b54036b910014dd.png",
            "size": "large"
          },
          {
            "#text": "https://lastfm-img2.akamaized.net/i/u/300x300/8ff1fcf931d54cb29b54036b910014dd.png",
            "size": "extralarge"
          }
        ],
        "@attr": {
          "rank": "3"
        }
      },
      {
        "name": "Help!",
        "playcount": "6181788",
        "listeners": "888122",
        "mbid": "d0e25c33-6115-4db1-939a-009c4cd51e0d",
        "url": "https://www.last.fm/music/The+Beatles/_/Help%21",
        "streamable": "0",
        "artist": {
          "name": "The Beatles",
          "mbid": "b10bbbfc-cf9e-42e0-be17-e2c3e1d2600d",
          "url": "https://www.last.fm/music/The+Beatles"
        },
        "image": [
          {
            "#text": "https://lastfm-img2.akamaized.net/i/u/34s/8ff1fcf931d54cb29b54036b910014dd.png",
            "size": "small"
          },
          {
            "#text": "https://lastfm-img2.akamaized.net/i/u/64s/8ff1fcf931d54cb29b54036b910014dd.png",
            "size": "medium"
          },
          {
            "#text": "https://lastfm-img2.akamaized.net/i/u/174s/8ff1fcf931d54cb29b54036b910014dd.png",
            "size": "large"
          },
          {
            "#text": "https://lastfm-img2.akamaized.net/i/u/300x300/8ff1fcf931d54cb29b54036b910014dd.png",
            "size": "extralarge"
          }
        ],
        "@attr": {
          "rank": "4"
        }
      },
      {
        "name": "Here Comes the Sun",
        "playcount": "6160260",
        "listeners": "847405",
        "mbid": "440f60e8-0b25-4ec4-abb1-c6beec624ab0",
        "url": "https://www.last.fm/music/The+Beatles/_/Here+Comes+the+Sun",
        "streamable": "0",
        "artist": {
          "name": "The Beatles",
          "mbid": "b10bbbfc-cf9e-42e0-be17-e2c3e1d2600d",
          "url": "https://www.last.fm/music/The+Beatles"
        },
        "image": [
          {
            "#text": "https://lastfm-img2.akamaized.net/i/u/34s/8ff1fcf931d54cb29b54036b910014dd.png",
            "size": "small"
          },
          {
            "#text": "https://lastfm-img2.akamaized.net/i/u/64s/8ff1fcf931d54cb29b54036b910014dd.png",
            "size": "medium"
          },
          {
            "#text": "https://lastfm-img2.akamaized.net/i/u/174s/8ff1fcf931d54cb29b54036b910014dd.png",
            "size": "large"
          },
          {
            "#text": "https://lastfm-img2.akamaized.net/i/u/300x300/8ff1fcf931d54cb29b54036b910014dd.png",
            "size": "extralarge"
          }
        ],
        "@attr": {
          "rank": "5"
        }
      },
      {
        "name": "All You Need Is Love",
        "playcount": "5252951",
        "listeners": "833306",
        "mbid": "5098d0a8-d3c3-424e-9367-1f2610724410",
        "url": "https://www.last.fm/music/The+Beatles/_/All+You+Need+Is+Love",
        "streamable": "0",
        "artist": {
          "name": "The Beatles",
          "mbid": "b10bbbfc-cf9e-42e0-be17-e2c3e1d2600d",
          "url": "https://www.last.fm/music/The+Beatles"
        },
        "image": [
          {
            "#text": "https://lastfm-img2.akamaized.net/i/u/34s/8ff1fcf931d54cb29b54036b910014dd.png",
            "size": "small"
          },
          {
            "#text": "https://lastfm-img2.akamaized.net/i/u/64s/8ff1fcf931d54cb29b54036b910014dd.png",
            "size": "medium"
          },
          {
            "#text": "https://lastfm-img2.akamaized.net/i/u/174s/8ff1fcf931d54cb29b54036b910014dd.png",
            "size": "large"
          },
          {
            "#text": "https://lastfm-img2.akamaized.net/i/u/300x300/8ff1fcf931d54cb29b54036b910014dd.png",
            "size": "extralarge"
          }
        ],
        "@attr": {
          "rank": "6"
        }
      },
      {
        "name": "Hey Jude",
        "playcount": "5418723",
        "listeners": "832393",
        "mbid": "8e938046-d773-4d61-991a-0c8694bd0325",
        "url": "https://www.last.fm/music/The+Beatles/_/Hey+Jude",
        "streamable": "0",
        "artist": {
          "name": "The Beatles",
          "mbid": "b10bbbfc-cf9e-42e0-be17-e2c3e1d2600d",
          "url": "https://www.last.fm/music/The+Beatles"
        },
        "image": [
          {
            "#text": "https://lastfm-img2.akamaized.net/i/u/34s/8ff1fcf931d54cb29b54036b910014dd.png",
            "size": "small"
          },
          {
            "#text": "https://lastfm-img2.akamaized.net/i/u/64s/8ff1fcf931d54cb29b54036b910014dd.png",
            "size": "medium"
          },
          {
            "#text": "https://lastfm-img2.akamaized.net/i/u/174s/8ff1fcf931d54cb29b54036b910014dd.png",
            "size": "large"
          },
          {
            "#text": "https://lastfm-img2.akamaized.net/i/u/300x300/8ff1fcf931d54cb29b54036b910014dd.png",
            "size": "extralarge"
          }
        ],
        "@attr": {
          "rank": "7"
        }
      },
      {
        "name": "Yellow Submarine",
        "playcount": "4931663",
        "listeners": "816976",
        "mbid": "4ef368ec-1715-488b-9724-1913e01edbae",
        "url": "https://www.last.fm/music/The+Beatles/_/Yellow+Submarine",
        "streamable": "0",
        "artist": {
          "name": "The Beatles",
          "mbid": "b10bbbfc-cf9e-42e0-be17-e2c3e1d2600d",
          "url": "https://www.last.fm/music/The+Beatles"
        },
        "image": [
          {
            "#text": "https://lastfm-img2.akamaized.net/i/u/34s/8ff1fcf931d54cb29b54036b910014dd.png",
            "size": "small"
          },
          {
            "#text": "https://lastfm-img2.akamaized.net/i/u/64s/8ff1fcf931d54cb29b54036b910014dd.png",
            "size": "medium"
          },
          {
            "#text": "https://lastfm-img2.akamaized.net/i/u/174s/8ff1fcf931d54cb29b54036b910014dd.png",
            "size": "large"
          },
          {
            "#text": "https://lastfm-img2.akamaized.net/i/u/300x300/8ff1fcf931d54cb29b54036b910014dd.png",
            "size": "extralarge"
          }
        ],
        "@attr": {
          "rank": "8"
        }
      },
      {
        "name": "Eleanor Rigby",
        "playcount": "5532728",
        "listeners": "815545",
        "mbid": "424c10aa-a857-4dc6-872e-2a8fb0b707f3",
        "url": "https://www.last.fm/music/The+Beatles/_/Eleanor+Rigby",
        "streamable": "0",
        "artist": {
          "name": "The Beatles",
          "mbid": "b10bbbfc-cf9e-42e0-be17-e2c3e1d2600d",
          "url": "https://www.last.fm/music/The+Beatles"
        },
        "image": [
          {
            "#text": "https://lastfm-img2.akamaized.net/i/u/34s/8ff1fcf931d54cb29b54036b910014dd.png",
            "size": "small"
          },
          {
            "#text": "https://lastfm-img2.akamaized.net/i/u/64s/8ff1fcf931d54cb29b54036b910014dd.png",
            "size": "medium"
          },
          {
            "#text": "https://lastfm-img2.akamaized.net/i/u/174s/8ff1fcf931d54cb29b54036b910014dd.png",
            "size": "large"
          },
          {
            "#text": "https://lastfm-img2.akamaized.net/i/u/300x300/8ff1fcf931d54cb29b54036b910014dd.png",
            "size": "extralarge"
          }
        ],
        "@attr": {
          "rank": "9"
        }
      },
      {
        "name": "Something",
        "playcount": "5540122",
        "listeners": "801976",
        "mbid": "b849acd4-0638-49ea-8e40-7391613d4890",
        "url": "https://www.last.fm/music/The+Beatles/_/Something",
        "streamable": "0",
        "artist": {
          "name": "The Beatles",
          "mbid": "b10bbbfc-cf9e-42e0-be17-e2c3e1d2600d",
          "url": "https://www.last.fm/music/The+Beatles"
        },
        "image": [
          {
            "#text": "https://lastfm-img2.akamaized.net/i/u/34s/8ff1fcf931d54cb29b54036b910014dd.png",
            "size": "small"
          },
          {
            "#text": "https://lastfm-img2.akamaized.net/i/u/64s/8ff1fcf931d54cb29b54036b910014dd.png",
            "size": "medium"
          },
          {
            "#text": "https://lastfm-img2.akamaized.net/i/u/174s/8ff1fcf931d54cb29b54036b910014dd.png",
            "size": "large"
          },
          {
            "#text": "https://lastfm-img2.akamaized.net/i/u/300x300/8ff1fcf931d54cb29b54036b910014dd.png",
            "size": "extralarge"
          }
        ],
        "@attr": {
          "rank": "10"
        }
      },
      {
        "name": "Lucy in the Sky with Diamonds",
        "playcount": "5211056",
        "listeners": "774890",
        "mbid": "2b8ecc47-b229-40cb-a9d4-ca6a4f60b4a9",
        "url": "https://www.last.fm/music/The+Beatles/_/Lucy+in+the+Sky+with+Diamonds",
        "streamable": "0",
        "artist": {
          "name": "The Beatles",
          "mbid": "b10bbbfc-cf9e-42e0-be17-e2c3e1d2600d",
          "url": "https://www.last.fm/music/The+Beatles"
        },
        "image": [
          {
            "#text": "https://lastfm-img2.akamaized.net/i/u/34s/8ff1fcf931d54cb29b54036b910014dd.png",
            "size": "small"
          },
          {
            "#text": "https://lastfm-img2.akamaized.net/i/u/64s/8ff1fcf931d54cb29b54036b910014dd.png",
            "size": "medium"
          },
          {
            "#text": "https://lastfm-img2.akamaized.net/i/u/174s/8ff1fcf931d54cb29b54036b910014dd.png",
            "size": "large"
          },
          {
            "#text": "https://lastfm-img2.akamaized.net/i/u/300x300/8ff1fcf931d54cb29b54036b910014dd.png",
            "size": "extralarge"
          }
        ],
        "@attr": {
          "rank": "11"
        }
      },
      {
        "name": "While My Guitar Gently Weeps",
        "playcount": "4649957",
        "listeners": "696359",
        "mbid": "526bd613-fddd-4bd6-9137-ab709ac74cab",
        "url": "https://www.last.fm/music/The+Beatles/_/While+My+Guitar+Gently+Weeps",
        "streamable": "0",
        "artist": {
          "name": "The Beatles",
          "mbid": "b10bbbfc-cf9e-42e0-be17-e2c3e1d2600d",
          "url": "https://www.last.fm/music/The+Beatles"
        },
        "image": [
          {
            "#text": "https://lastfm-img2.akamaized.net/i/u/34s/8ff1fcf931d54cb29b54036b910014dd.png",
            "size": "small"
          },
          {
            "#text": "https://lastfm-img2.akamaized.net/i/u/64s/8ff1fcf931d54cb29b54036b910014dd.png",
            "size": "medium"
          },
          {
            "#text": "https://lastfm-img2.akamaized.net/i/u/174s/8ff1fcf931d54cb29b54036b910014dd.png",
            "size": "large"
          },
          {
            "#text": "https://lastfm-img2.akamaized.net/i/u/300x300/8ff1fcf931d54cb29b54036b910014dd.png",
            "size": "extralarge"
          }
        ],
        "@attr": {
          "rank": "12"
        }
      },
      {
        "name": "Love Me Do",
        "playcount": "3879456",
        "listeners": "688540",
        "mbid": "1f518811-7cf9-4bdc-a656-0958e130f312",
        "url": "https://www.last.fm/music/The+Beatles/_/Love+Me+Do",
        "streamable": "0",
        "artist": {
          "name": "The Beatles",
          "mbid": "b10bbbfc-cf9e-42e0-be17-e2c3e1d2600d",
          "url": "https://www.last.fm/music/The+Beatles"
        },
        "image": [
          {
            "#text": "https://lastfm-img2.akamaized.net/i/u/34s/8ff1fcf931d54cb29b54036b910014dd.png",
            "size": "small"
          },
          {
            "#text": "https://lastfm-img2.akamaized.net/i/u/64s/8ff1fcf931d54cb29b54036b910014dd.png",
            "size": "medium"
          },
          {
            "#text": "https://lastfm-img2.akamaized.net/i/u/174s/8ff1fcf931d54cb29b54036b910014dd.png",
            "size": "large"
          },
          {
            "#text": "https://lastfm-img2.akamaized.net/i/u/300x300/8ff1fcf931d54cb29b54036b910014dd.png",
            "size": "extralarge"
          }
        ],
        "@attr": {
          "rank": "13"
        }
      },
      {
        "name": "Get Back",
        "playcount": "4180081",
        "listeners": "684186",
        "mbid": "a52c2553-1670-4262-9193-6ecd6713741a",
        "url": "https://www.last.fm/music/The+Beatles/_/Get+Back",
        "streamable": "0",
        "artist": {
          "name": "The Beatles",
          "mbid": "b10bbbfc-cf9e-42e0-be17-e2c3e1d2600d",
          "url": "https://www.last.fm/music/The+Beatles"
        },
        "image": [
          {
            "#text": "https://lastfm-img2.akamaized.net/i/u/34s/8ff1fcf931d54cb29b54036b910014dd.png",
            "size": "small"
          },
          {
            "#text": "https://lastfm-img2.akamaized.net/i/u/64s/8ff1fcf931d54cb29b54036b910014dd.png",
            "size": "medium"
          },
          {
            "#text": "https://lastfm-img2.akamaized.net/i/u/174s/8ff1fcf931d54cb29b54036b910014dd.png",
            "size": "large"
          },
          {
            "#text": "https://lastfm-img2.akamaized.net/i/u/300x300/8ff1fcf931d54cb29b54036b910014dd.png",
            "size": "extralarge"
          }
        ],
        "@attr": {
          "rank": "14"
        }
      },
      {
        "name": "Can't Buy Me Love",
        "playcount": "3960853",
        "listeners": "678535",
        "mbid": "0d48b5c8-616d-44c5-a267-5228b0a80af7",
        "url": "https://www.last.fm/music/The+Beatles/_/Can%27t+Buy+Me+Love",
        "streamable": "0",
        "artist": {
          "name": "The Beatles",
          "mbid": "b10bbbfc-cf9e-42e0-be17-e2c3e1d2600d",
          "url": "https://www.last.fm/music/The+Beatles"
        },
        "image": [
          {
            "#text": "https://lastfm-img2.akamaized.net/i/u/34s/8ff1fcf931d54cb29b54036b910014dd.png",
            "size": "small"
          },
          {
            "#text": "https://lastfm-img2.akamaized.net/i/u/64s/8ff1fcf931d54cb29b54036b910014dd.png",
            "size": "medium"
          },
          {
            "#text": "https://lastfm-img2.akamaized.net/i/u/174s/8ff1fcf931d54cb29b54036b910014dd.png",
            "size": "large"
          },
          {
            "#text": "https://lastfm-img2.akamaized.net/i/u/300x300/8ff1fcf931d54cb29b54036b910014dd.png",
            "size": "extralarge"
          }
        ],
        "@attr": {
          "rank": "15"
        }
      },
      {
        "name": "I Want to Hold Your Hand",
        "playcount": "3934748",
        "listeners": "677638",
        "mbid": "7f7956aa-88fc-4267-a2ae-4daac0c39c73",
        "url": "https://www.last.fm/music/The+Beatles/_/I+Want+to+Hold+Your+Hand",
        "streamable": "0",
        "artist": {
          "name": "The Beatles",
          "mbid": "b10bbbfc-cf9e-42e0-be17-e2c3e1d2600d",
          "url": "https://www.last.fm/music/The+Beatles"
        },
        "image": [
          {
            "#text": "https://lastfm-img2.akamaized.net/i/u/34s/8ff1fcf931d54cb29b54036b910014dd.png",
            "size": "small"
          },
          {
            "#text": "https://lastfm-img2.akamaized.net/i/u/64s/8ff1fcf931d54cb29b54036b910014dd.png",
            "size": "medium"
          },
          {
            "#text": "https://lastfm-img2.akamaized.net/i/u/174s/8ff1fcf931d54cb29b54036b910014dd.png",
            "size": "large"
          },
          {
            "#text": "https://lastfm-img2.akamaized.net/i/u/300x300/8ff1fcf931d54cb29b54036b910014dd.png",
            "size": "extralarge"
          }
        ],
        "@attr": {
          "rank": "16"
        }
      },
      {
        "name": "Penny Lane",
        "playcount": "3777887",
        "listeners": "673324",
        "mbid": "457d1e27-ad00-4adc-8622-fe2cce3035c4",
        "url": "https://www.last.fm/music/The+Beatles/_/Penny+Lane",
        "streamable": "0",
        "artist": {
          "name": "The Beatles",
          "mbid": "b10bbbfc-cf9e-42e0-be17-e2c3e1d2600d",
          "url": "https://www.last.fm/music/The+Beatles"
        },
        "image": [
          {
            "#text": "https://lastfm-img2.akamaized.net/i/u/34s/8ff1fcf931d54cb29b54036b910014dd.png",
            "size": "small"
          },
          {
            "#text": "https://lastfm-img2.akamaized.net/i/u/64s/8ff1fcf931d54cb29b54036b910014dd.png",
            "size": "medium"
          },
          {
            "#text": "https://lastfm-img2.akamaized.net/i/u/174s/8ff1fcf931d54cb29b54036b910014dd.png",
            "size": "large"
          },
          {
            "#text": "https://lastfm-img2.akamaized.net/i/u/300x300/8ff1fcf931d54cb29b54036b910014dd.png",
            "size": "extralarge"
          }
        ],
        "@attr": {
          "rank": "17"
        }
      },
      {
        "name": "A Day in the Life",
        "playcount": "4132105",
        "listeners": "662677",
        "mbid": "17c75743-6fc2-4c72-8152-25c5b45dfea7",
        "url": "https://www.last.fm/music/The+Beatles/_/A+Day+in+the+Life",
        "streamable": "0",
        "artist": {
          "name": "The Beatles",
          "mbid": "b10bbbfc-cf9e-42e0-be17-e2c3e1d2600d",
          "url": "https://www.last.fm/music/The+Beatles"
        },
        "image": [
          {
            "#text": "https://lastfm-img2.akamaized.net/i/u/34s/8ff1fcf931d54cb29b54036b910014dd.png",
            "size": "small"
          },
          {
            "#text": "https://lastfm-img2.akamaized.net/i/u/64s/8ff1fcf931d54cb29b54036b910014dd.png",
            "size": "medium"
          },
          {
            "#text": "https://lastfm-img2.akamaized.net/i/u/174s/8ff1fcf931d54cb29b54036b910014dd.png",
            "size": "large"
          },
          {
            "#text": "https://lastfm-img2.akamaized.net/i/u/300x300/8ff1fcf931d54cb29b54036b910014dd.png",
            "size": "extralarge"
          }
        ],
        "@attr": {
          "rank": "18"
        }
      },
      {
        "name": "A Hard Day's Night",
        "playcount": "3786088",
        "listeners": "656618",
        "mbid": "bcddff4e-76cb-4271-bf12-b2f61349776d",
        "url": "https://www.last.fm/music/The+Beatles/_/A+Hard+Day%27s+Night",
        "streamable": "0",
        "artist": {
          "name": "The Beatles",
          "mbid": "b10bbbfc-cf9e-42e0-be17-e2c3e1d2600d",
          "url": "https://www.last.fm/music/The+Beatles"
        },
        "image": [
          {
            "#text": "https://lastfm-img2.akamaized.net/i/u/34s/8ff1fcf931d54cb29b54036b910014dd.png",
            "size": "small"
          },
          {
            "#text": "https://lastfm-img2.akamaized.net/i/u/64s/8ff1fcf931d54cb29b54036b910014dd.png",
            "size": "medium"
          },
          {
            "#text": "https://lastfm-img2.akamaized.net/i/u/174s/8ff1fcf931d54cb29b54036b910014dd.png",
            "size": "large"
          },
          {
            "#text": "https://lastfm-img2.akamaized.net/i/u/300x300/8ff1fcf931d54cb29b54036b910014dd.png",
            "size": "extralarge"
          }
        ],
        "@attr": {
          "rank": "19"
        }
      },
      {
        "name": "Strawberry Fields Forever",
        "playcount": "4286939",
        "listeners": "638144",
        "mbid": "9563eae1-c2c8-4c34-bafc-595e3b288709",
        "url": "https://www.last.fm/music/The+Beatles/_/Strawberry+Fields+Forever",
        "streamable": "0",
        "artist": {
          "name": "The Beatles",
          "mbid": "b10bbbfc-cf9e-42e0-be17-e2c3e1d2600d",
          "url": "https://www.last.fm/music/The+Beatles"
        },
        "image": [
          {
            "#text": "https://lastfm-img2.akamaized.net/i/u/34s/8ff1fcf931d54cb29b54036b910014dd.png",
            "size": "small"
          },
          {
            "#text": "https://lastfm-img2.akamaized.net/i/u/64s/8ff1fcf931d54cb29b54036b910014dd.png",
            "size": "medium"
          },
          {
            "#text": "https://lastfm-img2.akamaized.net/i/u/174s/8ff1fcf931d54cb29b54036b910014dd.png",
            "size": "large"
          },
          {
            "#text": "https://lastfm-img2.akamaized.net/i/u/300x300/8ff1fcf931d54cb29b54036b910014dd.png",
            "size": "extralarge"
          }
        ],
        "@attr": {
          "rank": "20"
        }
      },
      {
        "name": "Ticket to Ride",
        "playcount": "3521650",
        "listeners": "632833",
        "mbid": "b8759150-f1a1-4619-9c4b-0d74af33782d",
        "url": "https://www.last.fm/music/The+Beatles/_/Ticket+to+Ride",
        "streamable": "0",
        "artist": {
          "name": "The Beatles",
          "mbid": "b10bbbfc-cf9e-42e0-be17-e2c3e1d2600d",
          "url": "https://www.last.fm/music/The+Beatles"
        },
        "image": [
          {
            "#text": "https://lastfm-img2.akamaized.net/i/u/34s/8ff1fcf931d54cb29b54036b910014dd.png",
            "size": "small"
          },
          {
            "#text": "https://lastfm-img2.akamaized.net/i/u/64s/8ff1fcf931d54cb29b54036b910014dd.png",
            "size": "medium"
          },
          {
            "#text": "https://lastfm-img2.akamaized.net/i/u/174s/8ff1fcf931d54cb29b54036b910014dd.png",
            "size": "large"
          },
          {
            "#text": "https://lastfm-img2.akamaized.net/i/u/300x300/8ff1fcf931d54cb29b54036b910014dd.png",
            "size": "extralarge"
          }
        ],
        "@attr": {
          "rank": "21"
        }
      },
      {
        "name": "Hello Goodbye",
        "playcount": "3516273",
        "listeners": "620579",
        "mbid": "8f76f968-0691-4556-a908-85956b4f4fe4",
        "url": "https://www.last.fm/music/The+Beatles/_/Hello+Goodbye",
        "streamable": "0",
        "artist": {
          "name": "The Beatles",
          "mbid": "b10bbbfc-cf9e-42e0-be17-e2c3e1d2600d",
          "url": "https://www.last.fm/music/The+Beatles"
        },
        "image": [
          {
            "#text": "https://lastfm-img2.akamaized.net/i/u/34s/8ff1fcf931d54cb29b54036b910014dd.png",
            "size": "small"
          },
          {
            "#text": "https://lastfm-img2.akamaized.net/i/u/64s/8ff1fcf931d54cb29b54036b910014dd.png",
            "size": "medium"
          },
          {
            "#text": "https://lastfm-img2.akamaized.net/i/u/174s/8ff1fcf931d54cb29b54036b910014dd.png",
            "size": "large"
          },
          {
            "#text": "https://lastfm-img2.akamaized.net/i/u/300x300/8ff1fcf931d54cb29b54036b910014dd.png",
            "size": "extralarge"
          }
        ],
        "@attr": {
          "rank": "22"
        }
      },
      {
        "name": "With a Little Help from My Friends",
        "playcount": "3654825",
        "listeners": "606440",
        "mbid": "efe365d3-a1d8-42dc-a63d-0b4cc6ecfaed",
        "url": "https://www.last.fm/music/The+Beatles/_/With+a+Little+Help+from+My+Friends",
        "streamable": "0",
        "artist": {
          "name": "The Beatles",
          "mbid": "b10bbbfc-cf9e-42e0-be17-e2c3e1d2600d",
          "url": "https://www.last.fm/music/The+Beatles"
        },
        "image": [
          {
            "#text": "https://lastfm-img2.akamaized.net/i/u/34s/8ff1fcf931d54cb29b54036b910014dd.png",
            "size": "small"
          },
          {
            "#text": "https://lastfm-img2.akamaized.net/i/u/64s/8ff1fcf931d54cb29b54036b910014dd.png",
            "size": "medium"
          },
          {
            "#text": "https://lastfm-img2.akamaized.net/i/u/174s/8ff1fcf931d54cb29b54036b910014dd.png",
            "size": "large"
          },
          {
            "#text": "https://lastfm-img2.akamaized.net/i/u/300x300/8ff1fcf931d54cb29b54036b910014dd.png",
            "size": "extralarge"
          }
        ],
        "@attr": {
          "rank": "23"
        }
      },
      {
        "name": "She Loves You",
        "playcount": "3288065",
        "listeners": "587034",
        "mbid": "e747f400-cf79-40e6-b158-81db3610d09a",
        "url": "https://www.last.fm/music/The+Beatles/_/She+Loves+You",
        "streamable": "0",
        "artist": {
          "name": "The Beatles",
          "mbid": "b10bbbfc-cf9e-42e0-be17-e2c3e1d2600d",
          "url": "https://www.last.fm/music/The+Beatles"
        },
        "image": [
          {
            "#text": "https://lastfm-img2.akamaized.net/i/u/34s/8ff1fcf931d54cb29b54036b910014dd.png",
            "size": "small"
          },
          {
            "#text": "https://lastfm-img2.akamaized.net/i/u/64s/8ff1fcf931d54cb29b54036b910014dd.png",
            "size": "medium"
          },
          {
            "#text": "https://lastfm-img2.akamaized.net/i/u/174s/8ff1fcf931d54cb29b54036b910014dd.png",
            "size": "large"
          },
          {
            "#text": "https://lastfm-img2.akamaized.net/i/u/300x300/8ff1fcf931d54cb29b54036b910014dd.png",
            "size": "extralarge"
          }
        ],
        "@attr": {
          "rank": "24"
        }
      },
      {
        "name": "Blackbird",
        "playcount": "3799441",
        "listeners": "577577",
        "mbid": "c9a06ac3-3a7c-4ef9-8c13-410b2afdbcc4",
        "url": "https://www.last.fm/music/The+Beatles/_/Blackbird",
        "streamable": "0",
        "artist": {
          "name": "The Beatles",
          "mbid": "b10bbbfc-cf9e-42e0-be17-e2c3e1d2600d",
          "url": "https://www.last.fm/music/The+Beatles"
        },
        "image": [
          {
            "#text": "https://lastfm-img2.akamaized.net/i/u/34s/8ff1fcf931d54cb29b54036b910014dd.png",
            "size": "small"
          },
          {
            "#text": "https://lastfm-img2.akamaized.net/i/u/64s/8ff1fcf931d54cb29b54036b910014dd.png",
            "size": "medium"
          },
          {
            "#text": "https://lastfm-img2.akamaized.net/i/u/174s/8ff1fcf931d54cb29b54036b910014dd.png",
            "size": "large"
          },
          {
            "#text": "https://lastfm-img2.akamaized.net/i/u/300x300/8ff1fcf931d54cb29b54036b910014dd.png",
            "size": "extralarge"
          }
        ],
        "@attr": {
          "rank": "25"
        }
      },
      {
        "name": "Octopus's Garden",
        "playcount": "3511161",
        "listeners": "577572",
        "mbid": "0760ab79-4d81-44c5-9cfe-2f91dd69fc0e",
        "url": "https://www.last.fm/music/The+Beatles/_/Octopus%27s+Garden",
        "streamable": "0",
        "artist": {
          "name": "The Beatles",
          "mbid": "b10bbbfc-cf9e-42e0-be17-e2c3e1d2600d",
          "url": "https://www.last.fm/music/The+Beatles"
        },
        "image": [
          {
            "#text": "https://lastfm-img2.akamaized.net/i/u/34s/8ff1fcf931d54cb29b54036b910014dd.png",
            "size": "small"
          },
          {
            "#text": "https://lastfm-img2.akamaized.net/i/u/64s/8ff1fcf931d54cb29b54036b910014dd.png",
            "size": "medium"
          },
          {
            "#text": "https://lastfm-img2.akamaized.net/i/u/174s/8ff1fcf931d54cb29b54036b910014dd.png",
            "size": "large"
          },
          {
            "#text": "https://lastfm-img2.akamaized.net/i/u/300x300/8ff1fcf931d54cb29b54036b910014dd.png",
            "size": "extralarge"
          }
        ],
        "@attr": {
          "rank": "26"
        }
      },
      {
        "name": "Back in the U.S.S.R.",
        "playcount": "3319771",
        "listeners": "577293",
        "mbid": "4e80a835-7d8f-4dc0-b4ca-541d3cf8512a",
        "url": "https://www.last.fm/music/The+Beatles/_/Back+in+the+U.S.S.R.",
        "streamable": "0",
        "artist": {
          "name": "The Beatles",
          "mbid": "b10bbbfc-cf9e-42e0-be17-e2c3e1d2600d",
          "url": "https://www.last.fm/music/The+Beatles"
        },
        "image": [
          {
            "#text": "https://lastfm-img2.akamaized.net/i/u/34s/8ff1fcf931d54cb29b54036b910014dd.png",
            "size": "small"
          },
          {
            "#text": "https://lastfm-img2.akamaized.net/i/u/64s/8ff1fcf931d54cb29b54036b910014dd.png",
            "size": "medium"
          },
          {
            "#text": "https://lastfm-img2.akamaized.net/i/u/174s/8ff1fcf931d54cb29b54036b910014dd.png",
            "size": "large"
          },
          {
            "#text": "https://lastfm-img2.akamaized.net/i/u/300x300/8ff1fcf931d54cb29b54036b910014dd.png",
            "size": "extralarge"
          }
        ],
        "@attr": {
          "rank": "27"
        }
      },
      {
        "name": "Eight Days a Week",
        "playcount": "3077517",
        "listeners": "571209",
        "mbid": "61dc9165-2cf3-489b-a264-0c7c2423e211",
        "url": "https://www.last.fm/music/The+Beatles/_/Eight+Days+a+Week",
        "streamable": "0",
        "artist": {
          "name": "The Beatles",
          "mbid": "b10bbbfc-cf9e-42e0-be17-e2c3e1d2600d",
          "url": "https://www.last.fm/music/The+Beatles"
        },
        "image": [
          {
            "#text": "https://lastfm-img2.akamaized.net/i/u/34s/8ff1fcf931d54cb29b54036b910014dd.png",
            "size": "small"
          },
          {
            "#text": "https://lastfm-img2.akamaized.net/i/u/64s/8ff1fcf931d54cb29b54036b910014dd.png",
            "size": "medium"
          },
          {
            "#text": "https://lastfm-img2.akamaized.net/i/u/174s/8ff1fcf931d54cb29b54036b910014dd.png",
            "size": "large"
          },
          {
            "#text": "https://lastfm-img2.akamaized.net/i/u/300x300/8ff1fcf931d54cb29b54036b910014dd.png",
            "size": "extralarge"
          }
        ],
        "@attr": {
          "rank": "28"
        }
      },
      {
        "name": "I Am the Walrus",
        "playcount": "3656973",
        "listeners": "565274",
        "mbid": "9b74d717-73a2-47af-9370-74e49ea03357",
        "url": "https://www.last.fm/music/The+Beatles/_/I+Am+the+Walrus",
        "streamable": "0",
        "artist": {
          "name": "The Beatles",
          "mbid": "b10bbbfc-cf9e-42e0-be17-e2c3e1d2600d",
          "url": "https://www.last.fm/music/The+Beatles"
        },
        "image": [
          {
            "#text": "https://lastfm-img2.akamaized.net/i/u/34s/8ff1fcf931d54cb29b54036b910014dd.png",
            "size": "small"
          },
          {
            "#text": "https://lastfm-img2.akamaized.net/i/u/64s/8ff1fcf931d54cb29b54036b910014dd.png",
            "size": "medium"
          },
          {
            "#text": "https://lastfm-img2.akamaized.net/i/u/174s/8ff1fcf931d54cb29b54036b910014dd.png",
            "size": "large"
          },
          {
            "#text": "https://lastfm-img2.akamaized.net/i/u/300x300/8ff1fcf931d54cb29b54036b910014dd.png",
            "size": "extralarge"
          }
        ],
        "@attr": {
          "rank": "29"
        }
      },
      {
        "name": "Across the Universe",
        "playcount": "3898028",
        "listeners": "565231",
        "mbid": "9bb1f9fd-c660-4dc3-966f-8350c17e45b5",
        "url": "https://www.last.fm/music/The+Beatles/_/Across+the+Universe",
        "streamable": "0",
        "artist": {
          "name": "The Beatles",
          "mbid": "b10bbbfc-cf9e-42e0-be17-e2c3e1d2600d",
          "url": "https://www.last.fm/music/The+Beatles"
        },
        "image": [
          {
            "#text": "https://lastfm-img2.akamaized.net/i/u/34s/8ff1fcf931d54cb29b54036b910014dd.png",
            "size": "small"
          },
          {
            "#text": "https://lastfm-img2.akamaized.net/i/u/64s/8ff1fcf931d54cb29b54036b910014dd.png",
            "size": "medium"
          },
          {
            "#text": "https://lastfm-img2.akamaized.net/i/u/174s/8ff1fcf931d54cb29b54036b910014dd.png",
            "size": "large"
          },
          {
            "#text": "https://lastfm-img2.akamaized.net/i/u/300x300/8ff1fcf931d54cb29b54036b910014dd.png",
            "size": "extralarge"
          }
        ],
        "@attr": {
          "rank": "30"
        }
      },
      {
        "name": "Because",
        "playcount": "3399137",
        "listeners": "561297",
        "mbid": "1e1d1f33-346c-4f9a-ad05-03aa715c2f37",
        "url": "https://www.last.fm/music/The+Beatles/_/Because",
        "streamable": "0",
        "artist": {
          "name": "The Beatles",
          "mbid": "b10bbbfc-cf9e-42e0-be17-e2c3e1d2600d",
          "url": "https://www.last.fm/music/The+Beatles"
        },
        "image": [
          {
            "#text": "https://lastfm-img2.akamaized.net/i/u/34s/8ff1fcf931d54cb29b54036b910014dd.png",
            "size": "small"
          },
          {
            "#text": "https://lastfm-img2.akamaized.net/i/u/64s/8ff1fcf931d54cb29b54036b910014dd.png",
            "size": "medium"
          },
          {
            "#text": "https://lastfm-img2.akamaized.net/i/u/174s/8ff1fcf931d54cb29b54036b910014dd.png",
            "size": "large"
          },
          {
            "#text": "https://lastfm-img2.akamaized.net/i/u/300x300/8ff1fcf931d54cb29b54036b910014dd.png",
            "size": "extralarge"
          }
        ],
        "@attr": {
          "rank": "31"
        }
      },
      {
        "name": "Sgt. Pepper's Lonely Hearts Club Band",
        "playcount": "3332754",
        "listeners": "551632",
        "mbid": "470d06f8-6c0c-443d-b521-4c4eed9f0e7e",
        "url": "https://www.last.fm/music/The+Beatles/_/Sgt.+Pepper%27s+Lonely+Hearts+Club+Band",
        "streamable": "0",
        "artist": {
          "name": "The Beatles",
          "mbid": "b10bbbfc-cf9e-42e0-be17-e2c3e1d2600d",
          "url": "https://www.last.fm/music/The+Beatles"
        },
        "image": [
          {
            "#text": "https://lastfm-img2.akamaized.net/i/u/34s/8ff1fcf931d54cb29b54036b910014dd.png",
            "size": "small"
          },
          {
            "#text": "https://lastfm-img2.akamaized.net/i/u/64s/8ff1fcf931d54cb29b54036b910014dd.png",
            "size": "medium"
          },
          {
            "#text": "https://lastfm-img2.akamaized.net/i/u/174s/8ff1fcf931d54cb29b54036b910014dd.png",
            "size": "large"
          },
          {
            "#text": "https://lastfm-img2.akamaized.net/i/u/300x300/8ff1fcf931d54cb29b54036b910014dd.png",
            "size": "extralarge"
          }
        ],
        "@attr": {
          "rank": "32"
        }
      },
      {
        "name": "Oh! Darling",
        "playcount": "3313652",
        "listeners": "548237",
        "mbid": "de896c41-463d-4eaa-8fe4-d826e2afa0f8",
        "url": "https://www.last.fm/music/The+Beatles/_/Oh%21+Darling",
        "streamable": "0",
        "artist": {
          "name": "The Beatles",
          "mbid": "b10bbbfc-cf9e-42e0-be17-e2c3e1d2600d",
          "url": "https://www.last.fm/music/The+Beatles"
        },
        "image": [
          {
            "#text": "https://lastfm-img2.akamaized.net/i/u/34s/8ff1fcf931d54cb29b54036b910014dd.png",
            "size": "small"
          },
          {
            "#text": "https://lastfm-img2.akamaized.net/i/u/64s/8ff1fcf931d54cb29b54036b910014dd.png",
            "size": "medium"
          },
          {
            "#text": "https://lastfm-img2.akamaized.net/i/u/174s/8ff1fcf931d54cb29b54036b910014dd.png",
            "size": "large"
          },
          {
            "#text": "https://lastfm-img2.akamaized.net/i/u/300x300/8ff1fcf931d54cb29b54036b910014dd.png",
            "size": "extralarge"
          }
        ],
        "@attr": {
          "rank": "33"
        }
      },
      {
        "name": "In My Life",
        "playcount": "3573306",
        "listeners": "543913",
        "mbid": "76e02854-e9e7-4936-a623-9338395c256d",
        "url": "https://www.last.fm/music/The+Beatles/_/In+My+Life",
        "streamable": "0",
        "artist": {
          "name": "The Beatles",
          "mbid": "b10bbbfc-cf9e-42e0-be17-e2c3e1d2600d",
          "url": "https://www.last.fm/music/The+Beatles"
        },
        "image": [
          {
            "#text": "https://lastfm-img2.akamaized.net/i/u/34s/8ff1fcf931d54cb29b54036b910014dd.png",
            "size": "small"
          },
          {
            "#text": "https://lastfm-img2.akamaized.net/i/u/64s/8ff1fcf931d54cb29b54036b910014dd.png",
            "size": "medium"
          },
          {
            "#text": "https://lastfm-img2.akamaized.net/i/u/174s/8ff1fcf931d54cb29b54036b910014dd.png",
            "size": "large"
          },
          {
            "#text": "https://lastfm-img2.akamaized.net/i/u/300x300/8ff1fcf931d54cb29b54036b910014dd.png",
            "size": "extralarge"
          }
        ],
        "@attr": {
          "rank": "34"
        }
      },
      {
        "name": "Ob-La-Di, Ob-La-Da",
        "playcount": "3046891",
        "listeners": "542035",
        "mbid": "5118f7b4-eafc-491a-9158-ee646dff2236",
        "url": "https://www.last.fm/music/The+Beatles/_/Ob-La-Di,+Ob-La-Da",
        "streamable": "0",
        "artist": {
          "name": "The Beatles",
          "mbid": "b10bbbfc-cf9e-42e0-be17-e2c3e1d2600d",
          "url": "https://www.last.fm/music/The+Beatles"
        },
        "image": [
          {
            "#text": "https://lastfm-img2.akamaized.net/i/u/34s/8ff1fcf931d54cb29b54036b910014dd.png",
            "size": "small"
          },
          {
            "#text": "https://lastfm-img2.akamaized.net/i/u/64s/8ff1fcf931d54cb29b54036b910014dd.png",
            "size": "medium"
          },
          {
            "#text": "https://lastfm-img2.akamaized.net/i/u/174s/8ff1fcf931d54cb29b54036b910014dd.png",
            "size": "large"
          },
          {
            "#text": "https://lastfm-img2.akamaized.net/i/u/300x300/8ff1fcf931d54cb29b54036b910014dd.png",
            "size": "extralarge"
          }
        ],
        "@attr": {
          "rank": "35"
        }
      },
      {
        "name": "Lady Madonna",
        "playcount": "2825552",
        "listeners": "529611",
        "mbid": "6c267ad5-e2ba-44a8-8882-a4c2879b7768",
        "url": "https://www.last.fm/music/The+Beatles/_/Lady+Madonna",
        "streamable": "0",
        "artist": {
          "name": "The Beatles",
          "mbid": "b10bbbfc-cf9e-42e0-be17-e2c3e1d2600d",
          "url": "https://www.last.fm/music/The+Beatles"
        },
        "image": [
          {
            "#text": "https://lastfm-img2.akamaized.net/i/u/34s/8ff1fcf931d54cb29b54036b910014dd.png",
            "size": "small"
          },
          {
            "#text": "https://lastfm-img2.akamaized.net/i/u/64s/8ff1fcf931d54cb29b54036b910014dd.png",
            "size": "medium"
          },
          {
            "#text": "https://lastfm-img2.akamaized.net/i/u/174s/8ff1fcf931d54cb29b54036b910014dd.png",
            "size": "large"
          },
          {
            "#text": "https://lastfm-img2.akamaized.net/i/u/300x300/8ff1fcf931d54cb29b54036b910014dd.png",
            "size": "extralarge"
          }
        ],
        "@attr": {
          "rank": "36"
        }
      },
      {
        "name": "Norwegian Wood (This Bird Has Flown)",
        "playcount": "3173331",
        "listeners": "502001",
        "mbid": "72d50aa4-f537-4bbe-80bc-478ea8671cc1",
        "url": "https://www.last.fm/music/The+Beatles/_/Norwegian+Wood+(This+Bird+Has+Flown)",
        "streamable": "0",
        "artist": {
          "name": "The Beatles",
          "mbid": "b10bbbfc-cf9e-42e0-be17-e2c3e1d2600d",
          "url": "https://www.last.fm/music/The+Beatles"
        },
        "image": [
          {
            "#text": "https://lastfm-img2.akamaized.net/i/u/34s/8ff1fcf931d54cb29b54036b910014dd.png",
            "size": "small"
          },
          {
            "#text": "https://lastfm-img2.akamaized.net/i/u/64s/8ff1fcf931d54cb29b54036b910014dd.png",
            "size": "medium"
          },
          {
            "#text": "https://lastfm-img2.akamaized.net/i/u/174s/8ff1fcf931d54cb29b54036b910014dd.png",
            "size": "large"
          },
          {
            "#text": "https://lastfm-img2.akamaized.net/i/u/300x300/8ff1fcf931d54cb29b54036b910014dd.png",
            "size": "extralarge"
          }
        ],
        "@attr": {
          "rank": "37"
        }
      },
      {
        "name": "Drive My Car",
        "playcount": "2819471",
        "listeners": "494212",
        "mbid": "d4424e10-8780-4848-8d34-51777902eb6d",
        "url": "https://www.last.fm/music/The+Beatles/_/Drive+My+Car",
        "streamable": "0",
        "artist": {
          "name": "The Beatles",
          "mbid": "b10bbbfc-cf9e-42e0-be17-e2c3e1d2600d",
          "url": "https://www.last.fm/music/The+Beatles"
        },
        "image": [
          {
            "#text": "https://lastfm-img2.akamaized.net/i/u/34s/8ff1fcf931d54cb29b54036b910014dd.png",
            "size": "small"
          },
          {
            "#text": "https://lastfm-img2.akamaized.net/i/u/64s/8ff1fcf931d54cb29b54036b910014dd.png",
            "size": "medium"
          },
          {
            "#text": "https://lastfm-img2.akamaized.net/i/u/174s/8ff1fcf931d54cb29b54036b910014dd.png",
            "size": "large"
          },
          {
            "#text": "https://lastfm-img2.akamaized.net/i/u/300x300/8ff1fcf931d54cb29b54036b910014dd.png",
            "size": "extralarge"
          }
        ],
        "@attr": {
          "rank": "38"
        }
      },
      {
        "name": "Michelle",
        "playcount": "2979594",
        "listeners": "492059",
        "mbid": "7d240e37-7ef6-4d1f-a014-144836c16c17",
        "url": "https://www.last.fm/music/The+Beatles/_/Michelle",
        "streamable": "0",
        "artist": {
          "name": "The Beatles",
          "mbid": "b10bbbfc-cf9e-42e0-be17-e2c3e1d2600d",
          "url": "https://www.last.fm/music/The+Beatles"
        },
        "image": [
          {
            "#text": "https://lastfm-img2.akamaized.net/i/u/34s/8ff1fcf931d54cb29b54036b910014dd.png",
            "size": "small"
          },
          {
            "#text": "https://lastfm-img2.akamaized.net/i/u/64s/8ff1fcf931d54cb29b54036b910014dd.png",
            "size": "medium"
          },
          {
            "#text": "https://lastfm-img2.akamaized.net/i/u/174s/8ff1fcf931d54cb29b54036b910014dd.png",
            "size": "large"
          },
          {
            "#text": "https://lastfm-img2.akamaized.net/i/u/300x300/8ff1fcf931d54cb29b54036b910014dd.png",
            "size": "extralarge"
          }
        ],
        "@attr": {
          "rank": "39"
        }
      },
      {
        "name": "Day Tripper",
        "playcount": "2487050",
        "listeners": "488623",
        "mbid": "bcbe3d2e-e95f-46f4-8b5f-9e8a8bb71d36",
        "url": "https://www.last.fm/music/The+Beatles/_/Day+Tripper",
        "streamable": "0",
        "artist": {
          "name": "The Beatles",
          "mbid": "b10bbbfc-cf9e-42e0-be17-e2c3e1d2600d",
          "url": "https://www.last.fm/music/The+Beatles"
        },
        "image": [
          {
            "#text": "https://lastfm-img2.akamaized.net/i/u/34s/8ff1fcf931d54cb29b54036b910014dd.png",
            "size": "small"
          },
          {
            "#text": "https://lastfm-img2.akamaized.net/i/u/64s/8ff1fcf931d54cb29b54036b910014dd.png",
            "size": "medium"
          },
          {
            "#text": "https://lastfm-img2.akamaized.net/i/u/174s/8ff1fcf931d54cb29b54036b910014dd.png",
            "size": "large"
          },
          {
            "#text": "https://lastfm-img2.akamaized.net/i/u/300x300/8ff1fcf931d54cb29b54036b910014dd.png",
            "size": "extralarge"
          }
        ],
        "@attr": {
          "rank": "40"
        }
      },
      {
        "name": "The Long and Winding Road",
        "playcount": "2447727",
        "listeners": "487830",
        "mbid": "acc74a10-ff4c-4bfb-b9aa-08d10e92c9f5",
        "url": "https://www.last.fm/music/The+Beatles/_/The+Long+and+Winding+Road",
        "streamable": "0",
        "artist": {
          "name": "The Beatles",
          "mbid": "b10bbbfc-cf9e-42e0-be17-e2c3e1d2600d",
          "url": "https://www.last.fm/music/The+Beatles"
        },
        "image": [
          {
            "#text": "https://lastfm-img2.akamaized.net/i/u/34s/8ff1fcf931d54cb29b54036b910014dd.png",
            "size": "small"
          },
          {
            "#text": "https://lastfm-img2.akamaized.net/i/u/64s/8ff1fcf931d54cb29b54036b910014dd.png",
            "size": "medium"
          },
          {
            "#text": "https://lastfm-img2.akamaized.net/i/u/174s/8ff1fcf931d54cb29b54036b910014dd.png",
            "size": "large"
          },
          {
            "#text": "https://lastfm-img2.akamaized.net/i/u/300x300/8ff1fcf931d54cb29b54036b910014dd.png",
            "size": "extralarge"
          }
        ],
        "@attr": {
          "rank": "41"
        }
      },
      {
        "name": "Maxwell's Silver Hammer",
        "playcount": "2624836",
        "listeners": "485335",
        "mbid": "8ac18f64-cd9f-405d-b283-35b74d45a46b",
        "url": "https://www.last.fm/music/The+Beatles/_/Maxwell%27s+Silver+Hammer",
        "streamable": "0",
        "artist": {
          "name": "The Beatles",
          "mbid": "b10bbbfc-cf9e-42e0-be17-e2c3e1d2600d",
          "url": "https://www.last.fm/music/The+Beatles"
        },
        "image": [
          {
            "#text": "https://lastfm-img2.akamaized.net/i/u/34s/8ff1fcf931d54cb29b54036b910014dd.png",
            "size": "small"
          },
          {
            "#text": "https://lastfm-img2.akamaized.net/i/u/64s/8ff1fcf931d54cb29b54036b910014dd.png",
            "size": "medium"
          },
          {
            "#text": "https://lastfm-img2.akamaized.net/i/u/174s/8ff1fcf931d54cb29b54036b910014dd.png",
            "size": "large"
          },
          {
            "#text": "https://lastfm-img2.akamaized.net/i/u/300x300/8ff1fcf931d54cb29b54036b910014dd.png",
            "size": "extralarge"
          }
        ],
        "@attr": {
          "rank": "42"
        }
      },
      {
        "name": "All My Loving",
        "playcount": "3120771",
        "listeners": "482055",
        "mbid": "be5761a7-d99a-44e8-96a4-904b490f7061",
        "url": "https://www.last.fm/music/The+Beatles/_/All+My+Loving",
        "streamable": "0",
        "artist": {
          "name": "The Beatles",
          "mbid": "b10bbbfc-cf9e-42e0-be17-e2c3e1d2600d",
          "url": "https://www.last.fm/music/The+Beatles"
        },
        "image": [
          {
            "#text": "https://lastfm-img2.akamaized.net/i/u/34s/8ff1fcf931d54cb29b54036b910014dd.png",
            "size": "small"
          },
          {
            "#text": "https://lastfm-img2.akamaized.net/i/u/64s/8ff1fcf931d54cb29b54036b910014dd.png",
            "size": "medium"
          },
          {
            "#text": "https://lastfm-img2.akamaized.net/i/u/174s/8ff1fcf931d54cb29b54036b910014dd.png",
            "size": "large"
          },
          {
            "#text": "https://lastfm-img2.akamaized.net/i/u/300x300/8ff1fcf931d54cb29b54036b910014dd.png",
            "size": "extralarge"
          }
        ],
        "@attr": {
          "rank": "43"
        }
      },
      {
        "name": "Golden Slumbers",
        "playcount": "2900006",
        "listeners": "479778",
        "mbid": "3d7f2000-123d-4cac-862b-e04ead24c5f2",
        "url": "https://www.last.fm/music/The+Beatles/_/Golden+Slumbers",
        "streamable": "0",
        "artist": {
          "name": "The Beatles",
          "mbid": "b10bbbfc-cf9e-42e0-be17-e2c3e1d2600d",
          "url": "https://www.last.fm/music/The+Beatles"
        },
        "image": [
          {
            "#text": "https://lastfm-img2.akamaized.net/i/u/34s/8ff1fcf931d54cb29b54036b910014dd.png",
            "size": "small"
          },
          {
            "#text": "https://lastfm-img2.akamaized.net/i/u/64s/8ff1fcf931d54cb29b54036b910014dd.png",
            "size": "medium"
          },
          {
            "#text": "https://lastfm-img2.akamaized.net/i/u/174s/8ff1fcf931d54cb29b54036b910014dd.png",
            "size": "large"
          },
          {
            "#text": "https://lastfm-img2.akamaized.net/i/u/300x300/8ff1fcf931d54cb29b54036b910014dd.png",
            "size": "extralarge"
          }
        ],
        "@attr": {
          "rank": "44"
        }
      },
      {
        "name": "Twist and Shout",
        "playcount": "3049419",
        "listeners": "478666",
        "mbid": "39be3b90-a2bc-45ef-97a2-137f9bdf505f",
        "url": "https://www.last.fm/music/The+Beatles/_/Twist+and+Shout",
        "streamable": "0",
        "artist": {
          "name": "The Beatles",
          "mbid": "b10bbbfc-cf9e-42e0-be17-e2c3e1d2600d",
          "url": "https://www.last.fm/music/The+Beatles"
        },
        "image": [
          {
            "#text": "https://lastfm-img2.akamaized.net/i/u/34s/8ff1fcf931d54cb29b54036b910014dd.png",
            "size": "small"
          },
          {
            "#text": "https://lastfm-img2.akamaized.net/i/u/64s/8ff1fcf931d54cb29b54036b910014dd.png",
            "size": "medium"
          },
          {
            "#text": "https://lastfm-img2.akamaized.net/i/u/174s/8ff1fcf931d54cb29b54036b910014dd.png",
            "size": "large"
          },
          {
            "#text": "https://lastfm-img2.akamaized.net/i/u/300x300/8ff1fcf931d54cb29b54036b910014dd.png",
            "size": "extralarge"
          }
        ],
        "@attr": {
          "rank": "45"
        }
      },
      {
        "name": "Glass Onion",
        "playcount": "2537142",
        "listeners": "477250",
        "mbid": "06bfd54f-1550-4830-9e36-e8496a73ae4d",
        "url": "https://www.last.fm/music/The+Beatles/_/Glass+Onion",
        "streamable": "0",
        "artist": {
          "name": "The Beatles",
          "mbid": "b10bbbfc-cf9e-42e0-be17-e2c3e1d2600d",
          "url": "https://www.last.fm/music/The+Beatles"
        },
        "image": [
          {
            "#text": "https://lastfm-img2.akamaized.net/i/u/34s/8ff1fcf931d54cb29b54036b910014dd.png",
            "size": "small"
          },
          {
            "#text": "https://lastfm-img2.akamaized.net/i/u/64s/8ff1fcf931d54cb29b54036b910014dd.png",
            "size": "medium"
          },
          {
            "#text": "https://lastfm-img2.akamaized.net/i/u/174s/8ff1fcf931d54cb29b54036b910014dd.png",
            "size": "large"
          },
          {
            "#text": "https://lastfm-img2.akamaized.net/i/u/300x300/8ff1fcf931d54cb29b54036b910014dd.png",
            "size": "extralarge"
          }
        ],
        "@attr": {
          "rank": "46"
        }
      },
      {
        "name": "Girl",
        "playcount": "2761537",
        "listeners": "472110",
        "mbid": "c14f03f1-61d9-4c48-830f-71ffc9333613",
        "url": "https://www.last.fm/music/The+Beatles/_/Girl",
        "streamable": "0",
        "artist": {
          "name": "The Beatles",
          "mbid": "b10bbbfc-cf9e-42e0-be17-e2c3e1d2600d",
          "url": "https://www.last.fm/music/The+Beatles"
        },
        "image": [
          {
            "#text": "https://lastfm-img2.akamaized.net/i/u/34s/8ff1fcf931d54cb29b54036b910014dd.png",
            "size": "small"
          },
          {
            "#text": "https://lastfm-img2.akamaized.net/i/u/64s/8ff1fcf931d54cb29b54036b910014dd.png",
            "size": "medium"
          },
          {
            "#text": "https://lastfm-img2.akamaized.net/i/u/174s/8ff1fcf931d54cb29b54036b910014dd.png",
            "size": "large"
          },
          {
            "#text": "https://lastfm-img2.akamaized.net/i/u/300x300/8ff1fcf931d54cb29b54036b910014dd.png",
            "size": "extralarge"
          }
        ],
        "@attr": {
          "rank": "47"
        }
      },
      {
        "name": "We Can Work It Out",
        "playcount": "2422716",
        "listeners": "469225",
        "mbid": "01471832-f446-43b9-be53-ce344c0c5134",
        "url": "https://www.last.fm/music/The+Beatles/_/We+Can+Work+It+Out",
        "streamable": "0",
        "artist": {
          "name": "The Beatles",
          "mbid": "b10bbbfc-cf9e-42e0-be17-e2c3e1d2600d",
          "url": "https://www.last.fm/music/The+Beatles"
        },
        "image": [
          {
            "#text": "https://lastfm-img2.akamaized.net/i/u/34s/8ff1fcf931d54cb29b54036b910014dd.png",
            "size": "small"
          },
          {
            "#text": "https://lastfm-img2.akamaized.net/i/u/64s/8ff1fcf931d54cb29b54036b910014dd.png",
            "size": "medium"
          },
          {
            "#text": "https://lastfm-img2.akamaized.net/i/u/174s/8ff1fcf931d54cb29b54036b910014dd.png",
            "size": "large"
          },
          {
            "#text": "https://lastfm-img2.akamaized.net/i/u/300x300/8ff1fcf931d54cb29b54036b910014dd.png",
            "size": "extralarge"
          }
        ],
        "@attr": {
          "rank": "48"
        }
      },
      {
        "name": "Happiness Is a Warm Gun",
        "playcount": "2845327",
        "listeners": "463685",
        "mbid": "f64ec76e-d63a-4842-8877-42d061bddba5",
        "url": "https://www.last.fm/music/The+Beatles/_/Happiness+Is+a+Warm+Gun",
        "streamable": "0",
        "artist": {
          "name": "The Beatles",
          "mbid": "b10bbbfc-cf9e-42e0-be17-e2c3e1d2600d",
          "url": "https://www.last.fm/music/The+Beatles"
        },
        "image": [
          {
            "#text": "https://lastfm-img2.akamaized.net/i/u/34s/8ff1fcf931d54cb29b54036b910014dd.png",
            "size": "small"
          },
          {
            "#text": "https://lastfm-img2.akamaized.net/i/u/64s/8ff1fcf931d54cb29b54036b910014dd.png",
            "size": "medium"
          },
          {
            "#text": "https://lastfm-img2.akamaized.net/i/u/174s/8ff1fcf931d54cb29b54036b910014dd.png",
            "size": "large"
          },
          {
            "#text": "https://lastfm-img2.akamaized.net/i/u/300x300/8ff1fcf931d54cb29b54036b910014dd.png",
            "size": "extralarge"
          }
        ],
        "@attr": {
          "rank": "49"
        }
      },
      {
        "name": "Getting Better",
        "playcount": "2447058",
        "listeners": "462949",
        "mbid": "09cc4a63-7b90-4fda-aec4-b3d34cea4fdc",
        "url": "https://www.last.fm/music/The+Beatles/_/Getting+Better",
        "streamable": "0",
        "artist": {
          "name": "The Beatles",
          "mbid": "b10bbbfc-cf9e-42e0-be17-e2c3e1d2600d",
          "url": "https://www.last.fm/music/The+Beatles"
        },
        "image": [
          {
            "#text": "https://lastfm-img2.akamaized.net/i/u/34s/8ff1fcf931d54cb29b54036b910014dd.png",
            "size": "small"
          },
          {
            "#text": "https://lastfm-img2.akamaized.net/i/u/64s/8ff1fcf931d54cb29b54036b910014dd.png",
            "size": "medium"
          },
          {
            "#text": "https://lastfm-img2.akamaized.net/i/u/174s/8ff1fcf931d54cb29b54036b910014dd.png",
            "size": "large"
          },
          {
            "#text": "https://lastfm-img2.akamaized.net/i/u/300x300/8ff1fcf931d54cb29b54036b910014dd.png",
            "size": "extralarge"
          }
        ],
        "@attr": {
          "rank": "50"
        }
      }
    ]
}